account_id;role_id;created_by
1;1;system
2;1;system
3;1;system
4;1;system
5;1;system
6;1;system
7;1;system
8;1;system
9;1;system
10;1;system
11;1;system
12;1;system
13;1;system
14;1;system
15;1;system
16;1;system
17;1;system
18;1;system
19;1;system
20;1;system
21;1;system
22;1;system
23;1;system
24;1;system
25;1;system
26;1;system
27;1;system
28;1;system
29;1;system
30;1;system
31;1;system
32;1;system
33;1;system
34;1;system
35;1;system
36;1;system
37;1;system
38;1;system
39;1;system
40;1;system
41;1;system
42;1;system
43;1;system
44;1;system
45;1;system
46;1;system
47;1;system
48;1;system
49;1;system
50;1;system
51;1;system
52;1;system
53;1;system
54;1;system
55;1;system
56;1;system
57;1;system
58;1;system
59;1;system
60;1;system
61;1;system
62;1;system
63;1;system
64;1;system
65;1;system
66;1;system
67;1;system
68;1;system
69;1;system
70;1;system
71;1;system
72;1;system
73;1;system
74;1;system
75;1;system
76;1;system
77;1;system
78;1;system
79;1;system
80;1;system
81;1;system
82;1;system
83;1;system
84;1;system
85;1;system
86;1;system
87;1;system
88;1;system
89;1;system
90;1;system
91;1;system
92;1;system
93;1;system
94;1;system
95;1;system
96;1;system
97;1;system
98;1;system
99;1;system
100;1;system
101;1;system
102;1;system
103;1;system
104;1;system
105;1;system
106;1;system
107;1;system
108;1;system
109;1;system
110;1;system
111;1;system
112;1;system
113;1;system
114;1;system
115;1;system
116;1;system
117;1;system
118;1;system
119;1;system
120;1;system
121;1;system
122;1;system
123;1;system
124;1;system
125;1;system
126;1;system
127;1;system
128;1;system
129;1;system
130;1;system
131;1;system
132;1;system
133;1;system
134;1;system
135;1;system
136;1;system
137;1;system
138;1;system
139;1;system
140;1;system
141;1;system
142;1;system
143;1;system
144;1;system
145;1;system
146;1;system
147;1;system
148;1;system
149;1;system
150;1;system
151;1;system
152;1;system
153;1;system
154;1;system
155;1;system
156;1;system
157;1;system
158;1;system
159;1;system
160;1;system
161;1;system
162;1;system
163;1;system
164;1;system
165;1;system
166;1;system
167;1;system
168;1;system
169;1;system
170;1;system
171;1;system
172;1;system
173;1;system
174;1;system
175;1;system
176;1;system
177;1;system
178;1;system
179;1;system
180;1;system
181;1;system
182;1;system
183;1;system
184;1;system
185;1;system
186;1;system
187;1;system
188;1;system
189;1;system
190;1;system
191;1;system
192;1;system
193;1;system
194;1;system
195;1;system
196;1;system
197;1;system
198;1;system
199;1;system
200;1;system
201;1;system
202;1;system
203;1;system
204;1;system
205;1;system
206;1;system
207;1;system
208;1;system
209;1;system
210;1;system
211;1;system
212;1;system
213;1;system
214;1;system
215;1;system
216;1;system
217;1;system
218;1;system
219;1;system
220;1;system
221;1;system
222;1;system
223;1;system
224;1;system
225;1;system
226;1;system
227;1;system
228;1;system
229;1;system
230;1;system
231;1;system
232;1;system
233;1;system
234;1;system
235;1;system
236;1;system
237;1;system
238;1;system
239;1;system
240;1;system
241;1;system
242;1;system
243;1;system
244;1;system
245;1;system
246;1;system
247;1;system
248;1;system
249;1;system
250;1;system
251;1;system
252;1;system
253;1;system
254;1;system
255;1;system
256;1;system
257;1;system
258;1;system
259;1;system
260;1;system
261;1;system
262;1;system
263;1;system
264;1;system
265;1;system
266;1;system
267;1;system
268;1;system
269;1;system
270;1;system
271;1;system
272;1;system
273;1;system
274;1;system
275;1;system
276;1;system
277;1;system
278;1;system
279;1;system
280;1;system
281;1;system
282;1;system
283;1;system
284;1;system
285;1;system
286;1;system
287;1;system
288;1;system
289;1;system
290;1;system
291;1;system
292;1;system
293;1;system
294;1;system
295;1;system
296;1;system
297;1;system
298;1;system
299;1;system
300;1;system
301;1;system
302;1;system
303;1;system
304;1;system
305;1;system
306;1;system
307;1;system
308;1;system
309;1;system
310;1;system
311;1;system
312;1;system
313;1;system
314;1;system
315;1;system
316;1;system
317;1;system
318;1;system
319;1;system
320;1;system
321;1;system
322;1;system
323;1;system
324;1;system
325;1;system
326;1;system
327;1;system
328;1;system
329;1;system
330;1;system
331;1;system
332;1;system
333;1;system
334;1;system
335;1;system
336;1;system
337;1;system
338;1;system
339;1;system
340;1;system
341;1;system
342;1;system
343;1;system
344;1;system
345;1;system
346;1;system
347;1;system
348;1;system
349;1;system
350;1;system
351;1;system
352;1;system
353;1;system
354;1;system
355;1;system
356;1;system
357;1;system
358;1;system
359;1;system
360;1;system
361;1;system
362;1;system
363;1;system
364;1;system
365;1;system
366;1;system
367;1;system
368;1;system
369;1;system
370;1;system
371;1;system
372;1;system
373;1;system
374;1;system
375;1;system
376;1;system
377;1;system
378;1;system
379;1;system
380;1;system
381;1;system
382;1;system
383;1;system
384;1;system
385;1;system
386;1;system
387;1;system
388;1;system
389;1;system
390;1;system
391;1;system
392;1;system
393;1;system
394;1;system
395;1;system
396;1;system
397;1;system
398;1;system
399;1;system
400;1;system
401;1;system
402;1;system
403;1;system
404;1;system
405;1;system
406;1;system
407;1;system
408;1;system
409;1;system
410;1;system
411;1;system
412;1;system
413;1;system
414;1;system
415;1;system
416;1;system
417;1;system
418;1;system
419;1;system
420;1;system
421;1;system
422;1;system
423;1;system
424;1;system
425;1;system
426;1;system
427;1;system
428;1;system
429;1;system
430;1;system
431;1;system
432;1;system
433;1;system
434;1;system
435;1;system
436;1;system
437;1;system
438;1;system
439;1;system
440;1;system
441;1;system
442;1;system
443;1;system
444;1;system
445;1;system
446;1;system
447;1;system
448;1;system
449;1;system
450;1;system
451;1;system
452;1;system
453;1;system
454;1;system
455;1;system
456;1;system
457;1;system
458;1;system
459;1;system
460;1;system
461;1;system
462;1;system
463;1;system
464;1;system
465;1;system
466;1;system
467;1;system
468;1;system
469;1;system
470;1;system
471;1;system
472;1;system
473;1;system
474;1;system
475;1;system
476;1;system
477;1;system
478;1;system
479;1;system
480;1;system
481;1;system
482;1;system
483;1;system
484;1;system
485;1;system
486;1;system
487;1;system
488;1;system
489;1;system
490;1;system
491;1;system
492;1;system
493;1;system
494;1;system
495;1;system
496;1;system
497;1;system
498;1;system
499;1;system
500;1;system
501;1;system
502;1;system
503;1;system
504;1;system
505;1;system
506;1;system
507;1;system
508;1;system
509;1;system
510;1;system
511;1;system
512;1;system
513;1;system
514;1;system
515;1;system
516;1;system
517;1;system
518;1;system
519;1;system
520;1;system
521;1;system
522;1;system
523;1;system
524;1;system
525;1;system
526;1;system
527;1;system
528;1;system
529;1;system
530;1;system
531;1;system
532;1;system
533;1;system
534;1;system
535;1;system
536;1;system
537;1;system
538;1;system
539;1;system
540;1;system
541;1;system
542;1;system
543;1;system
544;1;system
545;1;system
546;1;system
547;1;system
548;1;system
549;1;system
550;1;system
551;1;system
552;1;system
553;1;system
554;1;system
555;1;system
556;1;system
557;1;system
558;1;system
559;1;system
560;1;system
561;1;system
562;1;system
563;1;system
564;1;system
565;1;system
566;1;system
567;1;system
568;1;system
569;1;system
570;1;system
571;1;system
572;1;system
573;1;system
574;1;system
575;1;system
576;1;system
577;1;system
578;1;system
579;1;system
580;1;system
581;1;system
582;1;system
583;1;system
584;1;system
585;1;system
586;1;system
587;1;system
588;1;system
589;1;system
590;1;system
591;1;system
592;1;system
593;1;system
594;1;system
595;1;system
596;1;system
597;1;system
598;1;system
599;1;system
600;1;system
601;1;system
602;1;system
603;1;system
604;1;system
605;1;system
606;1;system
607;1;system
608;1;system
609;1;system
610;1;system
611;1;system
612;1;system
613;1;system
614;1;system
615;1;system
616;1;system
617;1;system
618;1;system
619;1;system
620;1;system
621;1;system
622;1;system
623;1;system
624;1;system
625;1;system
626;1;system
627;1;system
628;1;system
629;1;system
630;1;system
631;1;system
632;1;system
633;1;system
634;1;system
635;1;system
636;1;system
637;1;system
638;1;system
639;1;system
640;1;system
641;1;system
642;1;system
643;1;system
644;1;system
645;1;system
646;1;system
647;1;system
648;1;system
649;1;system
650;1;system
651;1;system
652;1;system
653;1;system
654;1;system
655;1;system
656;1;system
657;1;system
658;1;system
659;1;system
660;1;system
661;1;system
662;1;system
663;1;system
664;1;system
665;1;system
666;1;system
667;1;system
668;1;system
669;1;system
670;1;system
671;1;system
672;1;system
673;1;system
674;1;system
675;1;system
676;1;system
677;1;system
678;1;system
679;1;system
680;1;system
681;1;system
682;1;system
683;1;system
684;1;system
685;1;system
686;1;system
687;1;system
688;1;system
689;1;system
690;1;system
691;1;system
692;1;system
693;1;system
694;1;system
695;1;system
696;1;system
697;1;system
698;1;system
699;1;system
700;1;system
701;1;system
702;1;system
703;1;system
704;1;system
705;1;system
706;1;system
707;1;system
708;1;system
709;1;system
710;1;system
711;1;system
712;1;system
713;1;system
714;1;system
715;1;system
716;1;system
717;1;system
718;1;system
719;1;system
720;1;system
721;1;system
722;1;system
723;1;system
724;1;system
725;1;system
726;1;system
727;1;system
728;1;system
729;1;system
730;1;system
731;1;system
732;1;system
733;1;system
734;1;system
735;1;system
736;1;system
737;1;system
738;1;system
739;1;system
740;1;system
741;1;system
742;1;system
743;1;system
744;1;system
745;1;system
746;1;system
747;1;system
748;1;system
749;1;system
750;1;system
751;1;system
752;1;system
753;1;system
754;1;system
755;1;system
756;1;system
757;1;system
758;1;system
759;1;system
760;1;system
761;1;system
762;1;system
763;1;system
764;1;system
765;1;system
766;1;system
767;1;system
768;1;system
769;1;system
770;1;system
771;1;system
772;1;system
773;1;system
774;1;system
775;1;system
776;1;system
777;1;system
778;1;system
779;1;system
780;1;system
781;1;system
782;1;system
783;1;system
784;1;system
785;1;system
786;1;system
787;1;system
788;1;system
789;1;system
790;1;system
791;1;system
792;1;system
793;1;system
794;1;system
795;1;system
796;1;system
797;1;system
798;1;system
799;1;system
800;1;system
801;1;system
802;1;system
803;1;system
804;1;system
805;1;system
806;1;system
807;1;system
808;1;system
809;1;system
810;1;system
811;1;system
812;1;system
813;1;system
814;1;system
815;1;system
816;1;system
817;1;system
818;1;system
819;1;system
820;1;system
821;1;system
822;1;system
823;1;system
824;1;system
825;1;system
826;1;system
827;1;system
828;1;system
829;1;system
830;1;system
831;1;system
832;1;system
833;1;system
834;1;system
835;1;system
836;1;system
837;1;system
838;1;system
839;1;system
840;1;system
841;1;system
842;1;system
843;1;system
844;1;system
845;1;system
846;1;system
847;1;system
848;1;system
849;1;system
850;1;system
851;1;system
852;1;system
853;1;system
854;1;system
855;1;system
856;1;system
857;1;system
858;1;system
859;1;system
860;1;system
861;1;system
862;1;system
863;1;system
864;1;system
865;1;system
866;1;system
867;1;system
868;1;system
869;1;system
870;1;system
871;1;system
872;1;system
873;1;system
874;1;system
875;1;system
876;1;system
877;1;system
878;1;system
879;1;system
880;1;system
881;1;system
882;1;system
883;1;system
884;1;system
885;1;system
886;1;system
887;1;system
888;1;system
889;1;system
890;1;system
891;1;system
892;1;system
893;1;system
894;1;system
895;1;system
896;1;system
897;1;system
898;1;system
899;1;system
900;1;system
901;1;system
902;1;system
903;1;system
904;1;system
905;1;system
906;1;system
907;1;system
908;1;system
909;1;system
910;1;system
911;1;system
912;1;system
913;1;system
914;1;system
915;1;system
916;1;system
917;1;system
918;1;system
919;1;system
920;1;system
921;1;system
922;1;system
923;1;system
924;1;system
925;1;system
926;1;system
927;1;system
928;1;system
929;1;system
930;1;system
931;1;system
932;1;system
933;1;system
934;1;system
935;1;system
936;1;system
937;1;system
938;1;system
939;1;system
940;1;system
941;1;system
942;1;system
943;1;system
944;1;system
945;1;system
946;1;system
947;1;system
948;1;system
949;1;system
950;1;system
951;1;system
952;1;system
953;1;system
954;1;system
955;1;system
956;1;system
957;1;system
958;1;system
959;1;system
960;1;system
961;1;system
962;1;system
963;1;system
964;1;system
965;1;system
966;1;system
967;1;system
968;1;system
969;1;system
970;1;system
971;1;system
972;1;system
973;1;system
974;1;system
975;1;system
976;1;system
977;1;system
978;1;system
979;1;system
980;1;system
981;1;system
982;1;system
983;1;system
984;1;system
985;1;system
986;1;system
987;1;system
988;1;system
989;1;system
990;1;system
991;1;system
992;1;system
993;1;system
994;1;system
995;1;system
996;1;system
997;1;system
998;1;system
999;1;system
1000;1;system