post_id;created_by
1;system
2;system
3;system
4;system
5;system
6;system
7;system
8;system
9;system
10;system
11;system
12;system
13;system
14;system
15;system
16;system
17;system
18;system
19;system
20;system
21;system
22;system
23;system
24;system
25;system
26;system
27;system
28;system
29;system
30;system
31;system
32;system
33;system
34;system
35;system
36;system
37;system
38;system
39;system
40;system
41;system
42;system
43;system
44;system
45;system
46;system
47;system
48;system
49;system
50;system
51;system
52;system
53;system
54;system
55;system
56;system
57;system
58;system
59;system
60;system
61;system
62;system
63;system
64;system
65;system
66;system
67;system
68;system
69;system
70;system
71;system
72;system
73;system
74;system
75;system
76;system
77;system
78;system
79;system
80;system
81;system
82;system
83;system
84;system
85;system
86;system
87;system
88;system
89;system
90;system
91;system
92;system
93;system
94;system
95;system
96;system
97;system
98;system
99;system
100;system
101;system
102;system
103;system
104;system
105;system
106;system
107;system
108;system
109;system
110;system
111;system
112;system
113;system
114;system
115;system
116;system
117;system
118;system
119;system
120;system
121;system
122;system
123;system
124;system
125;system
126;system
127;system
128;system
129;system
130;system
131;system
132;system
133;system
134;system
135;system
136;system
137;system
138;system
139;system
140;system
141;system
142;system
143;system
144;system
145;system
146;system
147;system
148;system
149;system
150;system
151;system
152;system
153;system
154;system
155;system
156;system
157;system
158;system
159;system
160;system
161;system
162;system
163;system
164;system
165;system
166;system
167;system
168;system
169;system
170;system
171;system
172;system
173;system
174;system
175;system
176;system
177;system
178;system
179;system
180;system
181;system
182;system
183;system
184;system
185;system
186;system
187;system
188;system
189;system
190;system
191;system
192;system
193;system
194;system
195;system
196;system
197;system
198;system
199;system
200;system
201;system
202;system
203;system
204;system
205;system
206;system
207;system
208;system
209;system
210;system
211;system
212;system
213;system
214;system
215;system
216;system
217;system
218;system
219;system
220;system
221;system
222;system
223;system
224;system
225;system
226;system
227;system
228;system
229;system
230;system
231;system
232;system
233;system
234;system
235;system
236;system
237;system
238;system
239;system
240;system
241;system
242;system
243;system
244;system
245;system
246;system
247;system
248;system
249;system
250;system
251;system
252;system
253;system
254;system
255;system
256;system
257;system
258;system
259;system
260;system
261;system
262;system
263;system
264;system
265;system
266;system
267;system
268;system
269;system
270;system
271;system
272;system
273;system
274;system
275;system
276;system
277;system
278;system
279;system
280;system
281;system
282;system
283;system
284;system
285;system
286;system
287;system
288;system
289;system
290;system
291;system
292;system
293;system
294;system
295;system
296;system
297;system
298;system
299;system
300;system
301;system
302;system
303;system
304;system
305;system
306;system
307;system
308;system
309;system
310;system
311;system
312;system
313;system
314;system
315;system
316;system
317;system
318;system
319;system
320;system
321;system
322;system
323;system
324;system
325;system
326;system
327;system
328;system
329;system
330;system
331;system
332;system
333;system
334;system
335;system
336;system
337;system
338;system
339;system
340;system
341;system
342;system
343;system
344;system
345;system
346;system
347;system
348;system
349;system
350;system
351;system
352;system
353;system
354;system
355;system
356;system
357;system
358;system
359;system
360;system
361;system
362;system
363;system
364;system
365;system
366;system
367;system
368;system
369;system
370;system
371;system
372;system
373;system
374;system
375;system
376;system
377;system
378;system
379;system
380;system
381;system
382;system
383;system
384;system
385;system
386;system
387;system
388;system
389;system
390;system
391;system
392;system
393;system
394;system
395;system
396;system
397;system
398;system
399;system
400;system
401;system
402;system
403;system
404;system
405;system
406;system
407;system
408;system
409;system
410;system
411;system
412;system
413;system
414;system
415;system
416;system
417;system
418;system
419;system
420;system
421;system
422;system
423;system
424;system
425;system
426;system
427;system
428;system
429;system
430;system
431;system
432;system
433;system
434;system
435;system
436;system
437;system
438;system
439;system
440;system
441;system
442;system
443;system
444;system
445;system
446;system
447;system
448;system
449;system
450;system
451;system
452;system
453;system
454;system
455;system
456;system
457;system
458;system
459;system
460;system
461;system
462;system
463;system
464;system
465;system
466;system
467;system
468;system
469;system
470;system
471;system
472;system
473;system
474;system
475;system
476;system
477;system
478;system
479;system
480;system
481;system
482;system
483;system
484;system
485;system
486;system
487;system
488;system
489;system
490;system
491;system
492;system
493;system
494;system
495;system
496;system
497;system
498;system
499;system
500;system
501;system
502;system
503;system
504;system
505;system
506;system
507;system
508;system
509;system
510;system
511;system
512;system
513;system
514;system
515;system
516;system
517;system
518;system
519;system
520;system
521;system
522;system
523;system
524;system
525;system
526;system
527;system
528;system
529;system
530;system
531;system
532;system
533;system
534;system
535;system
536;system
537;system
538;system
539;system
540;system
541;system
542;system
543;system
544;system
545;system
546;system
547;system
548;system
549;system
550;system
551;system
552;system
553;system
554;system
555;system
556;system
557;system
558;system
559;system
560;system
561;system
562;system
563;system
564;system
565;system
566;system
567;system
568;system
569;system
570;system
571;system
572;system
573;system
574;system
575;system
576;system
577;system
578;system
579;system
580;system
581;system
582;system
583;system
584;system
585;system
586;system
587;system
588;system
589;system
590;system
591;system
592;system
593;system
594;system
595;system
596;system
597;system
598;system
599;system
600;system
601;system
602;system
603;system
604;system
605;system
606;system
607;system
608;system
609;system
610;system
611;system
612;system
613;system
614;system
615;system
616;system
617;system
618;system
619;system
620;system
621;system
622;system
623;system
624;system
625;system
626;system
627;system
628;system
629;system
630;system
631;system
632;system
633;system
634;system
635;system
636;system
637;system
638;system
639;system
640;system
641;system
642;system
643;system
644;system
645;system
646;system
647;system
648;system
649;system
650;system
651;system
652;system
653;system
654;system
655;system
656;system
657;system
658;system
659;system
660;system
661;system
662;system
663;system
664;system
665;system
666;system
667;system
668;system
669;system
670;system
671;system
672;system
673;system
674;system
675;system
676;system
677;system
678;system
679;system
680;system
681;system
682;system
683;system
684;system
685;system
686;system
687;system
688;system
689;system
690;system
691;system
692;system
693;system
694;system
695;system
696;system
697;system
698;system
699;system
700;system
701;system
702;system
703;system
704;system
705;system
706;system
707;system
708;system
709;system
710;system
711;system
712;system
713;system
714;system
715;system
716;system
717;system
718;system
719;system
720;system
721;system
722;system
723;system
724;system
725;system
726;system
727;system
728;system
729;system
730;system
731;system
732;system
733;system
734;system
735;system
736;system
737;system
738;system
739;system
740;system
741;system
742;system
743;system
744;system
745;system
746;system
747;system
748;system
749;system
750;system
751;system
752;system
753;system
754;system
755;system
756;system
757;system
758;system
759;system
760;system
761;system
762;system
763;system
764;system
765;system
766;system
767;system
768;system
769;system
770;system
771;system
772;system
773;system
774;system
775;system
776;system
777;system
778;system
779;system
780;system
781;system
782;system
783;system
784;system
785;system
786;system
787;system
788;system
789;system
790;system
791;system
792;system
793;system
794;system
795;system
796;system
797;system
798;system
799;system
800;system
801;system
802;system
803;system
804;system
805;system
806;system
807;system
808;system
809;system
810;system
811;system
812;system
813;system
814;system
815;system
816;system
817;system
818;system
819;system
820;system
821;system
822;system
823;system
824;system
825;system
826;system
827;system
828;system
829;system
830;system
831;system
832;system
833;system
834;system
835;system
836;system
837;system
838;system
839;system
840;system
841;system
842;system
843;system
844;system
845;system
846;system
847;system
848;system
849;system
850;system
851;system
852;system
853;system
854;system
855;system
856;system
857;system
858;system
859;system
860;system
861;system
862;system
863;system
864;system
865;system
866;system
867;system
868;system
869;system
870;system
871;system
872;system
873;system
874;system
875;system
876;system
877;system
878;system
879;system
880;system
881;system
882;system
883;system
884;system
885;system
886;system
887;system
888;system
889;system
890;system
891;system
892;system
893;system
894;system
895;system
896;system
897;system
898;system
899;system
900;system
901;system
902;system
903;system
904;system
905;system
906;system
907;system
908;system
909;system
910;system
911;system
912;system
913;system
914;system
915;system
916;system
917;system
918;system
919;system
920;system
921;system
922;system
923;system
924;system
925;system
926;system
927;system
928;system
929;system
930;system
931;system
932;system
933;system
934;system
935;system
936;system
937;system
938;system
939;system
940;system
941;system
942;system
943;system
944;system
945;system
946;system
947;system
948;system
949;system
950;system
951;system
952;system
953;system
954;system
955;system
956;system
957;system
958;system
959;system
960;system
961;system
962;system
963;system
964;system
965;system
966;system
967;system
968;system
969;system
970;system
971;system
972;system
973;system
974;system
975;system
976;system
977;system
978;system
979;system
980;system
981;system
982;system
983;system
984;system
985;system
986;system
987;system
988;system
989;system
990;system
991;system
992;system
993;system
994;system
995;system
996;system
997;system
998;system
999;system
1000;system
