id;nick_name;first_name;last_name;gender_type;created_by
2;user2;Germaine;Withringten;MALE;system
3;user3;Marve;Palfery;FEMALE;system
4;user4;Abby;Yarrow;FEMALE;system
5;user5;Florette;Alans;FEMALE;system
6;user6;Tomlin;Lagne;MALE;system
7;user7;Griffie;Jacomb;FEMALE;system
8;user8;Crysta;Buyers;MALE;system
9;user9;Briana;Pllu;FEMALE;system
10;user10;Emyle;Tallis;FEMALE;system
11;user11;Ash;Torritti;MALE;system
12;user12;Carol;Abatelli;MALE;system
13;user13;April;Kesteven;MALE;system
14;user14;Hendrika;Giacobelli;FEMALE;system
15;user15;Nicolle;Muttitt;MALE;system
16;user16;Shandy;Westcott;FEMALE;system
17;user17;Verge;Allbrook;FEMALE;system
18;user18;Odella;Murden;MALE;system
19;user19;Eustacia;D'Andrea;MALE;system
20;user20;Robby;Buntine;FEMALE;system
21;user21;Gauthier;Jirick;MALE;system
22;user22;Carole;O'Cannovane;MALE;system
23;user23;Leonard;Garrie;MALE;system
24;user24;Rolfe;Sapson;MALE;system
25;user25;Tammi;Rathmell;MALE;system
26;user26;Leigha;Seeds;FEMALE;system
27;user27;Nikolai;Lorkins;MALE;system
28;user28;Dione;Walisiak;FEMALE;system
29;user29;Tommi;Gilhool;MALE;system
30;user30;Charisse;Durban;MALE;system
31;user31;Benedick;McVicker;MALE;system
32;user32;Konstance;De Leek;MALE;system
33;user33;Karena;Ramberg;FEMALE;system
34;user34;Edith;Lenton;FEMALE;system
35;user35;Filip;Wadly;MALE;system
36;user36;Rodrigo;Bowich;FEMALE;system
37;user37;Alyse;Shillabeare;FEMALE;system
38;user38;Sherline;Nutt;FEMALE;system
39;user39;Dyann;Stirley;FEMALE;system
40;user40;Lurette;Haborn;FEMALE;system
41;user41;Aurthur;Diben;FEMALE;system
42;user42;Legra;Ambroziak;MALE;system
43;user43;Vinni;Judron;MALE;system
44;user44;Joanne;Killelea;FEMALE;system
45;user45;Mable;Floweth;FEMALE;system
46;user46;Silvan;Arnold;MALE;system
47;user47;Elia;Watkin;MALE;system
48;user48;Ruth;Darke;FEMALE;system
49;user49;Linn;Epsly;MALE;system
50;user50;Heriberto;Senchenko;MALE;system
51;user51;Francoise;Monkton;FEMALE;system
52;user52;Gabbi;Benkin;MALE;system
53;user53;Louise;Ricca;FEMALE;system
54;user54;Lew;Nicholas;FEMALE;system
55;user55;Jordanna;Strelitzki;MALE;system
56;user56;Lammond;Speaks;FEMALE;system
57;user57;Barrett;Matoshin;MALE;system
58;user58;Forest;Crus;FEMALE;system
59;user59;Daphna;Bourchier;MALE;system
60;user60;Willy;Drydale;MALE;system
61;user61;Austin;Brimson;FEMALE;system
62;user62;Piggy;Farden;FEMALE;system
63;user63;Casandra;Carlesso;FEMALE;system
64;user64;Emerson;Barsam;MALE;system
65;user65;Ewan;Levis;MALE;system
66;user66;Rodie;Autie;FEMALE;system
67;user67;Jobey;Unitt;FEMALE;system
68;user68;Leone;Grent;FEMALE;system
69;user69;Willem;Palombi;MALE;system
70;user70;Berti;Tremellan;MALE;system
71;user71;Ursala;Dighton;MALE;system
72;user72;Thatcher;Gero;FEMALE;system
73;user73;Cullen;Smurfitt;MALE;system
74;user74;Susann;Hassan;FEMALE;system
75;user75;Riccardo;Blaiklock;FEMALE;system
76;user76;Chandra;Tonge;FEMALE;system
77;user77;Addie;Harm;FEMALE;system
78;user78;Lisle;Aleksidze;FEMALE;system
79;user79;Kath;Trobey;MALE;system
80;user80;Berny;Saddler;FEMALE;system
81;user81;Berke;Levey;FEMALE;system
82;user82;Tracie;Gantley;FEMALE;system
83;user83;Betti;Hartil;FEMALE;system
84;user84;Ede;Koeppe;MALE;system
85;user85;Ernesto;Stallard;FEMALE;system
86;user86;Demetris;Szymonowicz;MALE;system
87;user87;Neilla;Faughny;FEMALE;system
88;user88;Marlo;Renard;MALE;system
89;user89;Uta;Bain;MALE;system
90;user90;Zed;Poxon;FEMALE;system
91;user91;Hagen;Stobo;FEMALE;system
92;user92;Xylina;Ohlsen;MALE;system
93;user93;Berkly;Fee;MALE;system
94;user94;Alida;Whitby;MALE;system
95;user95;Joshuah;O'Toole;FEMALE;system
96;user96;Daron;Lampard;MALE;system
97;user97;Layla;Petrak;MALE;system
98;user98;Paula;Munns;MALE;system
99;user99;Doroteya;Moulds;MALE;system
100;user100;Dirk;Gillum;MALE;system
101;user101;Otho;Punyer;MALE;system
102;user102;Jeanine;Scargill;MALE;system
103;user103;Darby;Pullman;FEMALE;system
104;user104;Donnie;Schubert;MALE;system
105;user105;Sidnee;Flippelli;FEMALE;system
106;user106;Roman;Beneyto;MALE;system
107;user107;Jarid;Skalls;FEMALE;system
108;user108;Nicol;Sirmond;MALE;system
109;user109;Theressa;Ormerod;MALE;system
110;user110;Rosella;Houlton;FEMALE;system
111;user111;June;Garrat;FEMALE;system
112;user112;Wilton;Szymanzyk;FEMALE;system
113;user113;Rayner;Staddom;MALE;system
114;user114;Blaire;Rosie;MALE;system
115;user115;Shadow;Llewelyn;FEMALE;system
116;user116;Janeva;Mehew;MALE;system
117;user117;Rozanne;Roscamp;MALE;system
118;user118;Jesse;Tichelaar;MALE;system
119;user119;Amalea;Bremmer;MALE;system
120;user120;Obediah;Kingerby;FEMALE;system
121;user121;Townie;Kornyakov;MALE;system
122;user122;Bondie;Seymer;FEMALE;system
123;user123;Gillan;Durnall;MALE;system
124;user124;Candice;Kalinke;FEMALE;system
125;user125;Ethan;Mateo;MALE;system
126;user126;Alwyn;Lewzey;FEMALE;system
127;user127;Brenna;Bratt;FEMALE;system
128;user128;Shirlene;Crisell;MALE;system
129;user129;Shurlocke;Cheine;MALE;system
130;user130;Isadore;Haydn;FEMALE;system
131;user131;Maurits;Thomason;FEMALE;system
132;user132;Alfons;Paver;MALE;system
133;user133;Sophie;Krochmann;FEMALE;system
134;user134;Philippine;Sousa;MALE;system
135;user135;Von;Evenden;MALE;system
136;user136;Julianne;Eisikowitz;FEMALE;system
137;user137;Brandon;Oakey;MALE;system
138;user138;Olympe;Colrein;MALE;system
139;user139;Keri;Tunnadine;FEMALE;system
140;user140;Ann-marie;Robyns;MALE;system
141;user141;Arlee;Yurlov;FEMALE;system
142;user142;Alic;Domegan;FEMALE;system
143;user143;Jeff;Chaddock;FEMALE;system
144;user144;Marlow;Spellissy;FEMALE;system
145;user145;Mariam;Stanlack;FEMALE;system
146;user146;Christoph;McCrone;MALE;system
147;user147;Evania;Riatt;MALE;system
148;user148;Delcine;Aldwich;MALE;system
149;user149;Lind;Janus;MALE;system
150;user150;Leanna;Mattholie;MALE;system
151;user151;Liza;Mayer;MALE;system
152;user152;Gaile;Bazley;FEMALE;system
153;user153;Fredericka;MacFarland;FEMALE;system
154;user154;Jacqui;Vaudrey;MALE;system
155;user155;Jerrold;Scud;FEMALE;system
156;user156;Brigg;Mell;FEMALE;system
157;user157;Jonas;Labro;FEMALE;system
158;user158;Andi;Enticknap;MALE;system
159;user159;Saunderson;Avery;FEMALE;system
160;user160;Julee;St. Quintin;MALE;system
161;user161;Dannie;MacAne;FEMALE;system
162;user162;Courtney;Doerren;FEMALE;system
163;user163;Barnabas;Melrose;FEMALE;system
164;user164;Helen-elizabeth;Varnham;MALE;system
165;user165;Omar;Claringbold;MALE;system
166;user166;Ezekiel;Hague;FEMALE;system
167;user167;Alastair;Stevens;MALE;system
168;user168;Burk;Coddington;MALE;system
169;user169;Vera;MacGebenay;MALE;system
170;user170;Elvis;Meritt;FEMALE;system
171;user171;Gerry;Hallatt;FEMALE;system
172;user172;Weidar;Reddlesden;FEMALE;system
173;user173;Holly;Conrath;FEMALE;system
174;user174;Ryan;Ferrieri;MALE;system
175;user175;Red;Cornew;MALE;system
176;user176;Ludovico;Choulerton;MALE;system
177;user177;Birch;Willcocks;FEMALE;system
178;user178;Northrup;Readshall;FEMALE;system
179;user179;Terrence;Twinborne;MALE;system
180;user180;Tobi;Bearns;FEMALE;system
181;user181;Claudette;Callar;FEMALE;system
182;user182;Felisha;Ellesmere;FEMALE;system
183;user183;Gabriel;Jelkes;FEMALE;system
184;user184;Sarine;deKnevet;FEMALE;system
185;user185;Lissy;Pindred;FEMALE;system
186;user186;Shanon;Visick;MALE;system
187;user187;Erhard;Simeone;FEMALE;system
188;user188;Tobe;Woodings;FEMALE;system
189;user189;Jayme;Jaquiss;MALE;system
190;user190;Gillian;Migheli;MALE;system
191;user191;Jeniece;Railton;FEMALE;system
192;user192;Arvy;Ferns;MALE;system
193;user193;Doug;Tilt;FEMALE;system
194;user194;Marissa;Bedbury;MALE;system
195;user195;Auberta;Martignon;FEMALE;system
196;user196;Rozanne;Monahan;FEMALE;system
197;user197;Terrell;Furmagier;MALE;system
198;user198;Roobbie;Hixley;MALE;system
199;user199;Klarika;Anfossi;FEMALE;system
200;user200;Alexei;Dickenson;MALE;system
201;user201;Koressa;Lortz;MALE;system
202;user202;Elnore;Rawsen;MALE;system
203;user203;Martelle;Suddards;FEMALE;system
204;user204;Kim;Ferris;MALE;system
205;user205;Goober;Guttridge;FEMALE;system
206;user206;Sly;Shakesby;MALE;system
207;user207;Haleigh;Braney;MALE;system
208;user208;Hoebart;Lindsey;FEMALE;system
209;user209;Elonore;Lum;MALE;system
210;user210;Pippo;MacMeanma;MALE;system
211;user211;Ernest;Lenthall;FEMALE;system
212;user212;Tallie;Schiementz;FEMALE;system
213;user213;Thorvald;Knowlden;FEMALE;system
214;user214;Valentina;Fishenden;MALE;system
215;user215;Grace;Ansty;MALE;system
216;user216;Dyanna;Atte-Stone;MALE;system
217;user217;Arlina;Gresch;MALE;system
218;user218;Chas;Gouth;MALE;system
219;user219;Dorella;Wolverson;MALE;system
220;user220;Clarke;Colnett;FEMALE;system
221;user221;Jobina;Wimes;MALE;system
222;user222;Ealasaid;Gerren;FEMALE;system
223;user223;Edythe;Gilyatt;FEMALE;system
224;user224;Fons;Rickett;FEMALE;system
225;user225;Quinn;Hand;FEMALE;system
226;user226;Chelsey;Schwander;FEMALE;system
227;user227;Jock;Caddell;MALE;system
228;user228;Adrian;Rhoddie;MALE;system
229;user229;Samaria;Balfre;FEMALE;system
230;user230;Myrle;Kempshall;MALE;system
231;user231;Franklin;Gewer;MALE;system
232;user232;Tremaine;Kirsz;FEMALE;system
233;user233;Chane;Capitano;FEMALE;system
234;user234;Adela;Gounard;FEMALE;system
235;user235;Neville;Wilkennson;FEMALE;system
236;user236;Sharla;Sainz;FEMALE;system
237;user237;Muffin;Pordall;FEMALE;system
238;user238;Isidro;Gulliver;MALE;system
239;user239;Otis;Bettley;MALE;system
240;user240;Hastie;Riggulsford;FEMALE;system
241;user241;Gene;Gliddon;FEMALE;system
242;user242;Keri;Greatbach;FEMALE;system
243;user243;Jacki;Doghartie;FEMALE;system
244;user244;Norah;Hambleton;MALE;system
245;user245;Wynn;Trouel;FEMALE;system
246;user246;Atalanta;Boyan;FEMALE;system
247;user247;Stephan;Swede;FEMALE;system
248;user248;Gerick;Nelissen;FEMALE;system
249;user249;Chevalier;Coch;MALE;system
250;user250;Gil;Huey;FEMALE;system
251;user251;Teddie;Balint;MALE;system
252;user252;Terrence;Van Hault;MALE;system
253;user253;Aura;Huckle;FEMALE;system
254;user254;Lionel;Cohen;MALE;system
255;user255;Willetta;Stollenwerck;MALE;system
256;user256;Cornie;Loffill;MALE;system
257;user257;Clarisse;McCarter;FEMALE;system
258;user258;Karel;Crowth;FEMALE;system
259;user259;Jacky;Hodgen;FEMALE;system
260;user260;Orel;Christmas;MALE;system
261;user261;Brittney;Rupert;FEMALE;system
262;user262;Kessiah;Pepperd;MALE;system
263;user263;Tani;De Angelis;MALE;system
264;user264;Dredi;Neville;FEMALE;system
265;user265;Anselm;Reynolds;FEMALE;system
266;user266;Kimberlyn;Hearsey;FEMALE;system
267;user267;Terrence;Evequot;FEMALE;system
268;user268;Michele;McCleod;FEMALE;system
269;user269;Joseph;Phelip;MALE;system
270;user270;Creighton;Bradden;FEMALE;system
271;user271;Gabi;Skaife d'Ingerthorpe;MALE;system
272;user272;Cati;MacAulay;FEMALE;system
273;user273;Danyelle;Girardeau;FEMALE;system
274;user274;Anett;Callicott;FEMALE;system
275;user275;Barbe;Arntzen;MALE;system
276;user276;Shell;Priestner;MALE;system
277;user277;Mattheus;Garrett;FEMALE;system
278;user278;Marney;Corn;MALE;system
279;user279;Keith;Bartolomucci;FEMALE;system
280;user280;Ranique;Tregaskis;MALE;system
281;user281;Francoise;Storrock;MALE;system
282;user282;Tanitansy;Woolvett;MALE;system
283;user283;Minni;Fevier;FEMALE;system
284;user284;Ashley;Mc Gee;MALE;system
285;user285;Shaughn;Kauffman;FEMALE;system
286;user286;Patric;Corker;FEMALE;system
287;user287;Jaymie;Bedlington;MALE;system
288;user288;Cobb;Marks;FEMALE;system
289;user289;Dewitt;Backsal;MALE;system
290;user290;Alejandrina;Godley;MALE;system
291;user291;Dannie;Eakin;MALE;system
292;user292;Emmie;Flewett;MALE;system
293;user293;Roxanna;Whaites;FEMALE;system
294;user294;Beryl;Jirak;FEMALE;system
295;user295;Baldwin;Fitzackerley;FEMALE;system
296;user296;Steward;Swanston;FEMALE;system
297;user297;Eliot;Beatens;FEMALE;system
298;user298;Barnaby;Trahearn;FEMALE;system
299;user299;Jakob;Mea;MALE;system
300;user300;Phil;Dennis;FEMALE;system
301;user301;Berti;Noddings;MALE;system
302;user302;Marcus;Hemphill;FEMALE;system
303;user303;Meier;Mochan;MALE;system
304;user304;Dorelia;Cowl;MALE;system
305;user305;Gabriele;Branca;MALE;system
306;user306;Edi;Alwin;MALE;system
307;user307;Yuri;Gulliver;MALE;system
308;user308;Hymie;Kingman;FEMALE;system
309;user309;Leon;Brasseur;FEMALE;system
310;user310;Luigi;MacMychem;MALE;system
311;user311;Marsha;Fancutt;FEMALE;system
312;user312;Isidora;Doldon;MALE;system
313;user313;Ansel;Pemble;FEMALE;system
314;user314;Aubrey;Sesser;MALE;system
315;user315;Misha;Aisthorpe;MALE;system
316;user316;Gerik;Crossgrove;FEMALE;system
317;user317;Griffy;Cornelleau;FEMALE;system
318;user318;Tully;Castenda;FEMALE;system
319;user319;Christabel;Klemenz;MALE;system
320;user320;Austina;Devanny;FEMALE;system
321;user321;Albina;Derbyshire;FEMALE;system
322;user322;Artair;McElrath;FEMALE;system
323;user323;Nanette;Janiak;FEMALE;system
324;user324;Raynell;Abbett;FEMALE;system
325;user325;Morgen;Haresnaip;MALE;system
326;user326;Lucas;Michele;FEMALE;system
327;user327;Iver;Reuter;MALE;system
328;user328;Nannette;Pattenden;FEMALE;system
329;user329;Annadiana;Potts;FEMALE;system
330;user330;Asher;Livett;MALE;system
331;user331;Joaquin;Gussin;FEMALE;system
332;user332;Erastus;Shirtcliffe;FEMALE;system
333;user333;Tabbie;Jaggi;FEMALE;system
334;user334;Gail;Ewing;FEMALE;system
335;user335;Donall;Howison;MALE;system
336;user336;Andrea;Palley;MALE;system
337;user337;Archambault;Bassett;MALE;system
338;user338;Cyrill;Boylin;MALE;system
339;user339;Ashlan;Teers;MALE;system
340;user340;Michal;O'Regan;FEMALE;system
341;user341;Osmund;Stubs;FEMALE;system
342;user342;Marietta;Passe;MALE;system
343;user343;Conny;Spier;MALE;system
344;user344;Jeremiah;Prescote;FEMALE;system
345;user345;Virgil;Badcock;FEMALE;system
346;user346;Kennedy;Prati;FEMALE;system
347;user347;Gabie;Besset;MALE;system
348;user348;Matelda;Olver;FEMALE;system
349;user349;Lita;Gledstane;FEMALE;system
350;user350;Merrill;Jonsson;FEMALE;system
351;user351;Early;Noar;MALE;system
352;user352;Emyle;Sollom;FEMALE;system
353;user353;Georgina;Muselli;MALE;system
354;user354;Archibold;Bagnal;FEMALE;system
355;user355;Falito;Cattlemull;FEMALE;system
356;user356;Andras;Marsy;FEMALE;system
357;user357;Logan;Alflat;MALE;system
358;user358;Lauree;Iggo;MALE;system
359;user359;Alessandro;Doll;FEMALE;system
360;user360;Marie-jeanne;Suttle;MALE;system
361;user361;Welsh;Treend;FEMALE;system
362;user362;Norrie;Lowmass;MALE;system
363;user363;Felicia;Defew;FEMALE;system
364;user364;Juieta;Vedeshkin;FEMALE;system
365;user365;Lissa;Divis;MALE;system
366;user366;Marcy;Castana;MALE;system
367;user367;Roseanne;Kermon;MALE;system
368;user368;Tonye;McKinless;MALE;system
369;user369;Miranda;Fiddeman;MALE;system
370;user370;Gottfried;Dykins;FEMALE;system
371;user371;Isadore;Bartels-Ellis;FEMALE;system
372;user372;Gunther;Pischof;FEMALE;system
373;user373;Arte;Norewood;MALE;system
374;user374;Isiahi;Purrington;MALE;system
375;user375;Tedd;Barriball;FEMALE;system
376;user376;Serena;Dittson;FEMALE;system
377;user377;Corette;Daville;MALE;system
378;user378;Linnet;Fossey;FEMALE;system
379;user379;Paxton;Wildbore;MALE;system
380;user380;Clint;Lippiello;FEMALE;system
381;user381;Merralee;Tink;FEMALE;system
382;user382;Lewie;Vance;FEMALE;system
383;user383;Alyson;Scurry;FEMALE;system
384;user384;Marwin;Symington;MALE;system
385;user385;Sapphira;Brayshay;MALE;system
386;user386;Sibeal;Clynman;MALE;system
387;user387;Carlynne;Gagan;MALE;system
388;user388;Shell;Sayes;MALE;system
389;user389;Eward;Bernon;FEMALE;system
390;user390;Sandro;Giocannoni;FEMALE;system
391;user391;Ax;Nowick;FEMALE;system
392;user392;Manda;Morican;MALE;system
393;user393;Alayne;Denney;FEMALE;system
394;user394;Estevan;Hucquart;FEMALE;system
395;user395;Colver;Como;FEMALE;system
396;user396;Linette;Mowen;MALE;system
397;user397;Charlotta;Birtles;FEMALE;system
398;user398;Prudy;Semens;MALE;system
399;user399;Wilden;Machan;FEMALE;system
400;user400;Tomkin;Connah;MALE;system
401;user401;Wanids;Hauger;MALE;system
402;user402;Beret;Lingard;FEMALE;system
403;user403;Timmy;Trevallion;FEMALE;system
404;user404;Peta;Duckett;FEMALE;system
405;user405;Sheryl;Ornells;FEMALE;system
406;user406;Ginger;Andresen;MALE;system
407;user407;Ilysa;Sink;FEMALE;system
408;user408;Annmaria;McClosh;FEMALE;system
409;user409;Bridie;Kettlewell;MALE;system
410;user410;Terence;Herety;MALE;system
411;user411;Madelena;Youd;FEMALE;system
412;user412;Edi;Chadwen;MALE;system
413;user413;Claire;Baszniak;MALE;system
414;user414;Abeu;Tite;FEMALE;system
415;user415;Koren;Kleynen;FEMALE;system
416;user416;Paola;Dunsford;MALE;system
417;user417;Rasia;Vasyutichev;MALE;system
418;user418;Ely;Perring;MALE;system
419;user419;Morganica;Mingus;MALE;system
420;user420;Lindie;Muehle;FEMALE;system
421;user421;Jory;Deeney;MALE;system
422;user422;Aland;Antonescu;FEMALE;system
423;user423;Suzanne;Willicott;FEMALE;system
424;user424;Harald;Ponceford;MALE;system
425;user425;Rosetta;Lockier;MALE;system
426;user426;Caye;Allsupp;FEMALE;system
427;user427;Berkly;Renault;MALE;system
428;user428;Nerita;Cocking;FEMALE;system
429;user429;Cornela;Trawin;MALE;system
430;user430;Shanna;Jenno;MALE;system
431;user431;Belita;Bollen;FEMALE;system
432;user432;Florry;Shegog;FEMALE;system
433;user433;Job;Santi;MALE;system
434;user434;Moises;Colombier;MALE;system
435;user435;Reeta;Bodycote;FEMALE;system
436;user436;Arlee;Lillo;MALE;system
437;user437;Zonda;Punter;FEMALE;system
438;user438;Kevan;Souten;FEMALE;system
439;user439;Glynis;Jeacocke;FEMALE;system
440;user440;Renie;Kroll;MALE;system
441;user441;Malynda;Shavel;FEMALE;system
442;user442;Hill;Gammet;MALE;system
443;user443;Sorcha;Jedrachowicz;MALE;system
444;user444;Travus;Hymus;FEMALE;system
445;user445;Star;Witnall;FEMALE;system
446;user446;Jeff;Avent;MALE;system
447;user447;Sybyl;Labbati;MALE;system
448;user448;Elene;Klossmann;MALE;system
449;user449;Reggie;Plewright;FEMALE;system
450;user450;Tedman;Tilney;MALE;system
451;user451;Leslie;Beaten;MALE;system
452;user452;Fulvia;Sebert;MALE;system
453;user453;Kerrie;Lynnitt;MALE;system
454;user454;Sharlene;Gurnell;FEMALE;system
455;user455;Skip;Digle;FEMALE;system
456;user456;Skip;Gives;FEMALE;system
457;user457;Port;Sager;MALE;system
458;user458;Filmore;Aronsohn;FEMALE;system
459;user459;Thornton;Corrin;MALE;system
460;user460;Agneta;Casperri;FEMALE;system
461;user461;Selie;Sommer;FEMALE;system
462;user462;Deanna;Rozea;FEMALE;system
463;user463;Bobina;Brassington;FEMALE;system
464;user464;Shaylyn;Laurencot;FEMALE;system
465;user465;Antonie;Matonin;FEMALE;system
466;user466;Agatha;Ivanin;MALE;system
467;user467;Ingeborg;Arro;MALE;system
468;user468;Karlik;Baldery;MALE;system
469;user469;Sunny;Vicker;MALE;system
470;user470;Claudius;Reddings;MALE;system
471;user471;Sinclare;Lestor;MALE;system
472;user472;Sebastian;McGibbon;MALE;system
473;user473;Susana;Culter;FEMALE;system
474;user474;Tomaso;Flux;MALE;system
475;user475;Wilmette;Feldhorn;FEMALE;system
476;user476;Quintus;Midlar;FEMALE;system
477;user477;Alanah;Erickson;FEMALE;system
478;user478;Magda;Whiteside;FEMALE;system
479;user479;Ferguson;Wilde;FEMALE;system
480;user480;Kelcy;Jacobovitz;FEMALE;system
481;user481;Maje;London;FEMALE;system
482;user482;Schuyler;Geelan;FEMALE;system
483;user483;Giacobo;Nono;MALE;system
484;user484;Toinette;Simmers;MALE;system
485;user485;Dione;Gallihawk;MALE;system
486;user486;Emanuele;Penkman;FEMALE;system
487;user487;Becky;Broster;MALE;system
488;user488;Eveline;Rugg;FEMALE;system
489;user489;Fanechka;Rothera;FEMALE;system
490;user490;Vasilis;Daye;FEMALE;system
491;user491;Giustino;Rankmore;MALE;system
492;user492;Moishe;Dorbon;FEMALE;system
493;user493;Melodee;Oloshin;FEMALE;system
494;user494;Cirilo;Diben;FEMALE;system
495;user495;Meg;Seamon;FEMALE;system
496;user496;Dierdre;Calbrathe;FEMALE;system
497;user497;Boycey;Restieaux;FEMALE;system
498;user498;Ty;Rossborough;MALE;system
499;user499;Griff;Redmire;FEMALE;system
500;user500;Gabbie;Moon;FEMALE;system
501;user501;Meggie;Dytham;FEMALE;system
502;user502;Erika;Woakes;FEMALE;system
503;user503;Leisha;Laybourn;MALE;system
504;user504;Austin;Larkings;MALE;system
505;user505;Cleveland;Clarridge;FEMALE;system
506;user506;Amalie;Fallis;FEMALE;system
507;user507;Albina;Leupoldt;FEMALE;system
508;user508;Carlin;Bernadot;MALE;system
509;user509;Fair;Castagna;MALE;system
510;user510;Ulberto;Harlowe;MALE;system
511;user511;Portia;Jobke;FEMALE;system
512;user512;Ricca;Dullingham;FEMALE;system
513;user513;Keefe;Egalton;MALE;system
514;user514;Karlen;Richter;MALE;system
515;user515;Jeff;Hatley;MALE;system
516;user516;Amerigo;Bessell;FEMALE;system
517;user517;Tildi;Higgen;FEMALE;system
518;user518;Osborn;Isselee;MALE;system
519;user519;Etti;Zuenelli;MALE;system
520;user520;Reid;Tanton;FEMALE;system
521;user521;Dot;Geydon;FEMALE;system
522;user522;Veronike;Saddington;FEMALE;system
523;user523;Ben;Czajka;MALE;system
524;user524;Seward;Grzelak;FEMALE;system
525;user525;Nickolaus;Van Driel;MALE;system
526;user526;Marcel;Sidebotton;MALE;system
527;user527;Rosco;Kierans;FEMALE;system
528;user528;Lurline;Ellerker;FEMALE;system
529;user529;Bel;Yard;FEMALE;system
530;user530;Melodie;Ivanilov;MALE;system
531;user531;Melisent;Fessions;MALE;system
532;user532;Haily;Penhaleurack;MALE;system
533;user533;Townie;Hubner;FEMALE;system
534;user534;Alvis;Palatini;FEMALE;system
535;user535;Rafi;Paffitt;FEMALE;system
536;user536;Donny;Deschlein;FEMALE;system
537;user537;Bobbette;Trustrie;FEMALE;system
538;user538;Jamison;Schenfisch;MALE;system
539;user539;Grace;Vanns;MALE;system
540;user540;Ruy;Bottomley;MALE;system
541;user541;Josi;Whife;MALE;system
542;user542;Shirlene;Riglar;FEMALE;system
543;user543;Shandeigh;Willstrop;MALE;system
544;user544;Claiborn;Cronchey;FEMALE;system
545;user545;Ingrid;Stolworthy;MALE;system
546;user546;Margy;Dearle-Palser;MALE;system
547;user547;Zoe;Melan;FEMALE;system
548;user548;Arliene;Girardy;MALE;system
549;user549;Kalindi;Furmonger;MALE;system
550;user550;Bradney;Sauvain;MALE;system
551;user551;Agnesse;Stapforth;FEMALE;system
552;user552;Alanson;Sirmon;FEMALE;system
553;user553;Carla;Cadman;FEMALE;system
554;user554;Constantina;Hedditch;MALE;system
555;user555;Dody;Cleatherow;FEMALE;system
556;user556;Patience;Wrangle;FEMALE;system
557;user557;Konstantin;Loraine;FEMALE;system
558;user558;Lorenza;Swift;FEMALE;system
559;user559;Emilio;Clausen;FEMALE;system
560;user560;Johannes;Rowles;MALE;system
561;user561;Georgena;Yakebowitch;FEMALE;system
562;user562;Marketa;Stops;MALE;system
563;user563;Savina;Sansome;FEMALE;system
564;user564;Pepillo;Grimes;FEMALE;system
565;user565;Gaynor;Mattiacci;MALE;system
566;user566;Florinda;Romanski;FEMALE;system
567;user567;Hayward;St Leger;FEMALE;system
568;user568;Odille;Sandyfirth;MALE;system
569;user569;Karen;Palphramand;MALE;system
570;user570;Terrence;Beaty;FEMALE;system
571;user571;Cori;Costin;FEMALE;system
572;user572;Fredi;Growden;MALE;system
573;user573;Enos;Winch;MALE;system
574;user574;Odetta;Chesley;FEMALE;system
575;user575;Eloisa;Clapson;FEMALE;system
576;user576;Shanta;Stoite;FEMALE;system
577;user577;Addison;Gaythwaite;FEMALE;system
578;user578;Aldwin;Whittall;FEMALE;system
579;user579;Jeremias;Housin;FEMALE;system
580;user580;Lauren;Benzi;FEMALE;system
581;user581;Elane;Griffey;MALE;system
582;user582;Victoir;Buddleigh;MALE;system
583;user583;Jermaine;Thieme;MALE;system
584;user584;Dudley;Klimkin;FEMALE;system
585;user585;Theda;Johnsey;MALE;system
586;user586;Tanitansy;Salan;FEMALE;system
587;user587;Abbott;Loddy;MALE;system
588;user588;Ruttger;Wight;MALE;system
589;user589;Maxwell;Sheers;MALE;system
590;user590;Paton;Rumney;MALE;system
591;user591;Anselm;Loxly;MALE;system
592;user592;Townie;Bonifazio;FEMALE;system
593;user593;Lorne;Sugg;FEMALE;system
594;user594;Olin;Goaley;MALE;system
595;user595;Merle;Pleass;MALE;system
596;user596;Vinni;Morson;FEMALE;system
597;user597;Barnaby;Cheeke;FEMALE;system
598;user598;Urson;Bariball;MALE;system
599;user599;Chris;Castellini;MALE;system
600;user600;Ingaborg;Chicken;FEMALE;system
601;user601;Daffi;Tripcony;FEMALE;system
602;user602;Bari;Malitrott;MALE;system
603;user603;Murvyn;Oldknow;FEMALE;system
604;user604;Audry;Grigoletti;FEMALE;system
605;user605;Yurik;Batthew;FEMALE;system
606;user606;Lyon;Stuart;MALE;system
607;user607;Frazier;Fasson;FEMALE;system
608;user608;Rycca;Moran;MALE;system
609;user609;Britni;Ilyunin;FEMALE;system
610;user610;Taber;Warden;FEMALE;system
611;user611;Caresse;Bellerby;FEMALE;system
612;user612;Gilbert;Giovannetti;MALE;system
613;user613;Kendricks;Tissier;MALE;system
614;user614;Tabbatha;Tigwell;MALE;system
615;user615;Erhard;Shalloo;MALE;system
616;user616;Cayla;Randalston;MALE;system
617;user617;Curtice;Scoggan;FEMALE;system
618;user618;Yolanda;Antonich;MALE;system
619;user619;Jedidiah;Manners;FEMALE;system
620;user620;Naoma;Parren;MALE;system
621;user621;Bjorn;Downton;MALE;system
622;user622;Dorolisa;Butcher;MALE;system
623;user623;Mar;Di Bernardo;FEMALE;system
624;user624;Gilbertine;Pedlow;MALE;system
625;user625;Edgar;Rabl;MALE;system
626;user626;Kai;Dunwoody;FEMALE;system
627;user627;Thekla;Blaymires;MALE;system
628;user628;Maryanne;Daughton;FEMALE;system
629;user629;Ogdan;McGraith;FEMALE;system
630;user630;Lilith;Kerwood;FEMALE;system
631;user631;Tammie;Junifer;MALE;system
632;user632;Tye;Lodemann;FEMALE;system
633;user633;Linus;Burkert;FEMALE;system
634;user634;Melita;Jantet;FEMALE;system
635;user635;Karon;Gurge;FEMALE;system
636;user636;Warner;Omar;MALE;system
637;user637;Sheena;Tomowicz;MALE;system
638;user638;Elisa;Kopmann;FEMALE;system
639;user639;Lawrence;Hentze;MALE;system
640;user640;Yance;Duckham;FEMALE;system
641;user641;Dori;Meade;MALE;system
642;user642;Oliviero;Tuer;MALE;system
643;user643;Lucinda;Hunday;MALE;system
644;user644;Todd;Caile;MALE;system
645;user645;Isabella;Trorey;FEMALE;system
646;user646;Darline;Hablet;FEMALE;system
647;user647;Alden;Toolan;FEMALE;system
648;user648;Enrique;Blankley;MALE;system
649;user649;Muhammad;Baudy;FEMALE;system
650;user650;Delia;Jukes;MALE;system
651;user651;Berne;Fernant;FEMALE;system
652;user652;Jami;Guinness;MALE;system
653;user653;Ichabod;Sherred;FEMALE;system
654;user654;Maryl;Eldridge;FEMALE;system
655;user655;Delano;Sked;MALE;system
656;user656;Patty;Sefton;FEMALE;system
657;user657;Merridie;Delafoy;FEMALE;system
658;user658;Patti;Simionato;MALE;system
659;user659;Kori;Ervin;MALE;system
660;user660;Elysia;Manuelli;FEMALE;system
661;user661;Jamill;Painten;MALE;system
662;user662;Hunt;Poser;MALE;system
663;user663;Stephana;Casperri;MALE;system
664;user664;Sarene;Jellard;MALE;system
665;user665;Jerald;Gromley;MALE;system
666;user666;Alayne;Berceros;MALE;system
667;user667;Symon;Lucius;MALE;system
668;user668;Freedman;Chamney;FEMALE;system
669;user669;Donall;Gerardi;FEMALE;system
670;user670;Sawyer;Wycherley;MALE;system
671;user671;Birgitta;Plum;MALE;system
672;user672;Aeriela;Saladine;MALE;system
673;user673;Adler;Morilla;MALE;system
674;user674;Perceval;Wiggall;MALE;system
675;user675;Ody;Ebbrell;MALE;system
676;user676;Elvin;Poulgreen;MALE;system
677;user677;Edlin;Jankovsky;FEMALE;system
678;user678;Elvyn;Overell;FEMALE;system
679;user679;Ann;Gradwell;MALE;system
680;user680;Meta;Tayloe;MALE;system
681;user681;Rodge;Duce;FEMALE;system
682;user682;Urban;Blakemore;FEMALE;system
683;user683;Kathe;Pickthall;FEMALE;system
684;user684;Jocelyne;Crossman;MALE;system
685;user685;Kaela;Poluzzi;FEMALE;system
686;user686;Zorine;Fehner;MALE;system
687;user687;Bernie;Newick;FEMALE;system
688;user688;Jacqueline;Olenchikov;FEMALE;system
689;user689;Bidget;O'Doghesty;FEMALE;system
690;user690;Dulcy;Saiger;FEMALE;system
691;user691;Bone;McConigal;FEMALE;system
692;user692;Linnie;Zimmer;FEMALE;system
693;user693;Sibella;Cappell;FEMALE;system
694;user694;Markos;Senescall;MALE;system
695;user695;Rochester;Sparrowhawk;MALE;system
696;user696;Brier;Wolfendell;MALE;system
697;user697;Huberto;Mates;MALE;system
698;user698;Gasper;Wank;MALE;system
699;user699;Laverne;Wetherburn;FEMALE;system
700;user700;Randy;Peverell;FEMALE;system
701;user701;Gypsy;Hanratty;MALE;system
702;user702;Aguistin;Costley;FEMALE;system
703;user703;Meredith;Crutchley;MALE;system
704;user704;Dalis;Toombes;MALE;system
705;user705;Chloette;Martellini;FEMALE;system
706;user706;Cesaro;Braney;MALE;system
707;user707;Dillie;Meriet;FEMALE;system
708;user708;Gloriane;Lukins;MALE;system
709;user709;Berenice;Cassimer;MALE;system
710;user710;Jania;Turford;FEMALE;system
711;user711;Kiel;Richard;MALE;system
712;user712;Winthrop;Laidel;MALE;system
713;user713;Aguie;Fuentes;MALE;system
714;user714;Neala;Longmate;FEMALE;system
715;user715;Chester;Sweedy;FEMALE;system
716;user716;Abner;Abdon;MALE;system
717;user717;Emiline;Hardaway;MALE;system
718;user718;Evvie;Hammel;MALE;system
719;user719;Wilmette;Whitesel;MALE;system
720;user720;Ellerey;Linham;FEMALE;system
721;user721;Tyson;Doggrell;MALE;system
722;user722;Marsiella;Bedingfield;MALE;system
723;user723;Willa;Achromov;FEMALE;system
724;user724;Mabelle;Lethbury;MALE;system
725;user725;Amalee;Dolling;MALE;system
726;user726;Simmonds;Scimoni;FEMALE;system
727;user727;Erik;Joska;FEMALE;system
728;user728;Lina;MacParland;MALE;system
729;user729;Ambrosio;Pearcey;MALE;system
730;user730;Tildie;Peagram;MALE;system
731;user731;Jeralee;Coleiro;MALE;system
732;user732;Demeter;Bodycote;MALE;system
733;user733;Aidan;Gilcriest;FEMALE;system
734;user734;Ewen;Quinnelly;FEMALE;system
735;user735;Eran;Franceschielli;FEMALE;system
736;user736;Dane;Brinsford;FEMALE;system
737;user737;Teodoro;Yaldren;MALE;system
738;user738;Bria;Smewings;FEMALE;system
739;user739;Raven;Muslim;FEMALE;system
740;user740;Coriss;Killford;FEMALE;system
741;user741;Allyn;McNaught;MALE;system
742;user742;Terrance;Mears;FEMALE;system
743;user743;Guinevere;Goodbourn;FEMALE;system
744;user744;Mercie;Romeo;MALE;system
745;user745;Humberto;Walenta;MALE;system
746;user746;Wit;Gut;MALE;system
747;user747;Rahel;Kernan;FEMALE;system
748;user748;Louis;Melledy;MALE;system
749;user749;Rozanne;Stillwell;MALE;system
750;user750;Wald;McLelland;FEMALE;system
751;user751;Zitella;Uttley;FEMALE;system
752;user752;Lavena;Georgescu;FEMALE;system
753;user753;Sanderson;Vassel;MALE;system
754;user754;Cynthie;Daines;FEMALE;system
755;user755;Elianore;Towner;MALE;system
756;user756;Gusty;Miskelly;FEMALE;system
757;user757;Desi;Alans;FEMALE;system
758;user758;Bennie;Lawley;FEMALE;system
759;user759;Harriet;Burfield;MALE;system
760;user760;Noelani;Dryden;MALE;system
761;user761;Lukas;Grushin;MALE;system
762;user762;Kim;Crambie;FEMALE;system
763;user763;Bryon;Ruppele;MALE;system
764;user764;Art;Northley;FEMALE;system
765;user765;Charmain;Perrelle;FEMALE;system
766;user766;Shellie;Sowersby;MALE;system
767;user767;Doll;Avrahamy;MALE;system
768;user768;Marlon;Filliskirk;FEMALE;system
769;user769;Tildi;Paulisch;FEMALE;system
770;user770;Alva;Jindrak;FEMALE;system
771;user771;Velvet;Laughlan;FEMALE;system
772;user772;Anne-marie;Stickford;MALE;system
773;user773;Caesar;Roxby;MALE;system
774;user774;Karalee;Annett;FEMALE;system
775;user775;Alyosha;Matyja;FEMALE;system
776;user776;Janel;Skaife;MALE;system
777;user777;Daryl;Matis;FEMALE;system
778;user778;Jerri;Cramond;FEMALE;system
779;user779;Lancelot;Brekonridge;FEMALE;system
780;user780;Arly;Colebourn;MALE;system
781;user781;Welch;Krugmann;MALE;system
782;user782;Floria;Wrathall;FEMALE;system
783;user783;Stanleigh;Julien;MALE;system
784;user784;Bartlet;Sibthorp;MALE;system
785;user785;Alix;Leipold;FEMALE;system
786;user786;Uri;Maddern;MALE;system
787;user787;Michel;Melhuish;FEMALE;system
788;user788;Sibelle;Stroulger;MALE;system
789;user789;Reine;Wesley;FEMALE;system
790;user790;Nertie;Foss;FEMALE;system
791;user791;Hebert;Stubbings;MALE;system
792;user792;Karlie;Kliner;FEMALE;system
793;user793;Andriana;Gillogley;MALE;system
794;user794;Anette;Ide;MALE;system
795;user795;Keefe;Shawcroft;FEMALE;system
796;user796;Kristyn;Greger;FEMALE;system
797;user797;Risa;Porcher;FEMALE;system
798;user798;Estella;Grubb;FEMALE;system
799;user799;Tasia;Hannond;MALE;system
800;user800;Petey;Hazeman;MALE;system
801;user801;Torin;Giorgio;MALE;system
802;user802;Jdavie;Cleugh;MALE;system
803;user803;Bertina;Caizley;MALE;system
804;user804;Elonore;Tanton;MALE;system
805;user805;Judas;Burgett;MALE;system
806;user806;Isidro;Wabe;FEMALE;system
807;user807;Bette-ann;Nutting;FEMALE;system
808;user808;Trula;Colliard;MALE;system
809;user809;Georgeanne;Gyles;FEMALE;system
810;user810;Jock;Arnoult;FEMALE;system
811;user811;Bennie;Crimmins;FEMALE;system
812;user812;Marie;Sidebotton;FEMALE;system
813;user813;Simonette;Relfe;MALE;system
814;user814;Leonardo;Dreger;FEMALE;system
815;user815;Wait;Doniso;FEMALE;system
816;user816;Ammamaria;Polson;FEMALE;system
817;user817;Jyoti;Troctor;MALE;system
818;user818;Fanchon;Crighton;FEMALE;system
819;user819;Granny;Roxby;FEMALE;system
820;user820;Ignaz;Burgin;FEMALE;system
821;user821;Brana;Harrap;MALE;system
822;user822;Adelbert;McKeevers;FEMALE;system
823;user823;Lisette;Tribe;MALE;system
824;user824;Emlyn;Stayte;FEMALE;system
825;user825;Antonia;Mungan;FEMALE;system
826;user826;Isabelle;Petrillo;MALE;system
827;user827;Morten;Oblein;FEMALE;system
828;user828;Horace;Jado;MALE;system
829;user829;Wynn;Blade;FEMALE;system
830;user830;Ardella;Schorah;MALE;system
831;user831;Galven;Haddington;MALE;system
832;user832;Marrissa;Zahor;MALE;system
833;user833;Dolf;Baford;MALE;system
834;user834;Nady;Sobtka;MALE;system
835;user835;Danie;Wolfenden;FEMALE;system
836;user836;Octavia;Philbrick;MALE;system
837;user837;Ilsa;Alejo;FEMALE;system
838;user838;Berget;Renzullo;MALE;system
839;user839;Barron;Tattersill;MALE;system
840;user840;Opaline;MacAne;MALE;system
841;user841;Rod;Cancellor;FEMALE;system
842;user842;Cecil;Squeers;FEMALE;system
843;user843;Felecia;Gudge;FEMALE;system
844;user844;Flory;Ashford;FEMALE;system
845;user845;Celestia;Coughtrey;MALE;system
846;user846;Myra;Ferrino;MALE;system
847;user847;Bertha;Baldick;FEMALE;system
848;user848;Sibley;Meekings;FEMALE;system
849;user849;Shae;Ronald;FEMALE;system
850;user850;Cheslie;Osbaldstone;MALE;system
851;user851;Melloney;Hodinton;MALE;system
852;user852;Vita;Mathy;FEMALE;system
853;user853;Lorrayne;Fardo;MALE;system
854;user854;Maurene;Meriott;FEMALE;system
855;user855;Ferrel;Bartocci;MALE;system
856;user856;Hilarius;Wiltsher;FEMALE;system
857;user857;Elle;Demicoli;FEMALE;system
858;user858;Emlynn;Baynard;FEMALE;system
859;user859;Gui;Bonome;FEMALE;system
860;user860;Reinold;Abazi;MALE;system
861;user861;Franciska;Hirthe;FEMALE;system
862;user862;Henrietta;Quan;MALE;system
863;user863;Honor;Le Sieur;MALE;system
864;user864;Harrie;Lamborn;FEMALE;system
865;user865;Goran;Mirams;FEMALE;system
866;user866;Roland;Shrubshall;MALE;system
867;user867;Sheeree;Portress;FEMALE;system
868;user868;Leon;Canceller;FEMALE;system
869;user869;Norby;Raveau;FEMALE;system
870;user870;Antonetta;Stockle;MALE;system
871;user871;Shelia;Whitaker;FEMALE;system
872;user872;Patrica;Gooddy;FEMALE;system
873;user873;Yoshiko;Jewks;FEMALE;system
874;user874;Casi;Kopps;FEMALE;system
875;user875;Carlyn;Philippeaux;MALE;system
876;user876;Sharla;Alvin;MALE;system
877;user877;Hewett;Setch;MALE;system
878;user878;Felicio;Dunniom;MALE;system
879;user879;Ethel;Rimington;MALE;system
880;user880;Liesa;Andrini;MALE;system
881;user881;Johann;Hadgraft;MALE;system
882;user882;Ellwood;Beatson;FEMALE;system
883;user883;Lizzy;Crichley;FEMALE;system
884;user884;Isaac;Cowins;FEMALE;system
885;user885;Raphaela;Copnell;FEMALE;system
886;user886;Lew;Kirgan;MALE;system
887;user887;Skipper;Dillet;MALE;system
888;user888;Pincas;Kreutzer;FEMALE;system
889;user889;Reiko;Ainger;FEMALE;system
890;user890;Decca;Maudson;FEMALE;system
891;user891;Armando;Fisby;FEMALE;system
892;user892;Chrisy;Watchorn;MALE;system
893;user893;Gae;Lowerson;MALE;system
894;user894;Perkin;Dovydenas;FEMALE;system
895;user895;Barry;Gherardini;MALE;system
896;user896;Randal;Cowup;FEMALE;system
897;user897;Alena;Naisbit;FEMALE;system
898;user898;Thea;Michelmore;FEMALE;system
899;user899;Happy;Keeton;MALE;system
900;user900;Ray;Yakubovich;MALE;system
901;user901;Zia;Blest;FEMALE;system
902;user902;Leonerd;West;FEMALE;system
903;user903;Flynn;Knotton;FEMALE;system
904;user904;Vlad;Bellocht;MALE;system
905;user905;Ashley;Horburgh;MALE;system
906;user906;Garrek;Bartot;MALE;system
907;user907;Vanda;Jedrzaszkiewicz;FEMALE;system
908;user908;Felicio;Reuther;FEMALE;system
909;user909;Andy;Nitto;MALE;system
910;user910;Michal;Doyley;MALE;system
911;user911;Laraine;Ferrandez;FEMALE;system
912;user912;Marjie;Meese;FEMALE;system
913;user913;Hube;Salasar;FEMALE;system
914;user914;Brett;Nijssen;FEMALE;system
915;user915;Jarret;Birchner;MALE;system
916;user916;Trevar;McDermott;FEMALE;system
917;user917;Anatollo;Mityushin;FEMALE;system
918;user918;Peder;Torrese;MALE;system
919;user919;Bonni;Baulcombe;MALE;system
920;user920;Jacqueline;Demcik;MALE;system
921;user921;Gennie;Reaper;MALE;system
922;user922;Lemmie;Balas;MALE;system
923;user923;Abba;Tyhurst;MALE;system
924;user924;Ashby;Costock;FEMALE;system
925;user925;Kaleb;Alexis;FEMALE;system
926;user926;Carmita;Beach;FEMALE;system
927;user927;Fawne;Beebee;FEMALE;system
928;user928;Maureen;MacGiffin;FEMALE;system
929;user929;Jorry;Billin;FEMALE;system
930;user930;Udell;Asgodby;FEMALE;system
931;user931;Ricca;Shrimpton;MALE;system
932;user932;Jesus;Tilson;MALE;system
933;user933;Flori;Sekulla;MALE;system
934;user934;Charita;Versey;MALE;system
935;user935;Gerard;Madgewick;MALE;system
936;user936;Giulio;Wason;FEMALE;system
937;user937;Noel;Grishelyov;FEMALE;system
938;user938;Germain;Jasik;MALE;system
939;user939;Daphna;Dermott;FEMALE;system
940;user940;Annora;Allmann;FEMALE;system
941;user941;Christie;Chadburn;FEMALE;system
942;user942;Darsey;Rassell;MALE;system
943;user943;Gaye;Peye;MALE;system
944;user944;Daveta;Larkcum;MALE;system
945;user945;Aggi;Totterdell;MALE;system
946;user946;Robin;Twiddle;MALE;system
947;user947;Arline;Sellars;MALE;system
948;user948;Berte;Reinert;MALE;system
949;user949;Gay;Daville;MALE;system
950;user950;Fritz;Clearley;MALE;system
951;user951;Imogen;Tollit;MALE;system
952;user952;Jilleen;McMeekin;FEMALE;system
953;user953;Stevena;Gribbon;MALE;system
954;user954;Efrem;Huntington;MALE;system
955;user955;Leighton;Sicely;FEMALE;system
956;user956;Tamra;Titt;FEMALE;system
957;user957;Cordi;Casari;MALE;system
958;user958;Kinsley;Greguoli;MALE;system
959;user959;Burch;Burle;MALE;system
960;user960;Bartlet;Flintoffe;MALE;system
961;user961;Wilek;Cogar;MALE;system
962;user962;Husein;Selliman;FEMALE;system
963;user963;Rodrique;Kindread;FEMALE;system
964;user964;Curry;Tatteshall;FEMALE;system
965;user965;Kingsley;Douthwaite;MALE;system
966;user966;Bancroft;Gudge;MALE;system
967;user967;Eleanore;Seifert;MALE;system
968;user968;Elyse;Poskitt;MALE;system
969;user969;Frans;Funnell;MALE;system
970;user970;Tammie;Baskwell;FEMALE;system
971;user971;Merrielle;Soda;FEMALE;system
972;user972;Bobbye;Corbet;FEMALE;system
973;user973;Micki;Mangeney;MALE;system
974;user974;Mannie;McAuslene;FEMALE;system
975;user975;Alissa;Topham;MALE;system
976;user976;Tabbi;Habbert;MALE;system
977;user977;Maye;Silverlock;MALE;system
978;user978;Irving;Aslam;FEMALE;system
979;user979;Allyn;Scapens;MALE;system
980;user980;Merle;Aspinell;MALE;system
981;user981;Morris;Floyde;FEMALE;system
982;user982;Carter;Peirpoint;FEMALE;system
983;user983;Forrester;Soigoux;FEMALE;system
984;user984;Alikee;Iwanicki;MALE;system
985;user985;Giraud;Jagiello;MALE;system
986;user986;Dallas;Lusty;MALE;system
987;user987;Inga;Djorvic;FEMALE;system
988;user988;Dorella;Stainson;FEMALE;system
989;user989;Genvieve;Tonna;FEMALE;system
990;user990;Georgy;Jansie;FEMALE;system
991;user991;Erma;Ricardon;FEMALE;system
992;user992;Angeline;Whitington;MALE;system
993;user993;Wynne;Helsby;FEMALE;system
994;user994;Livia;Bradie;FEMALE;system
995;user995;Khalil;Murton;FEMALE;system
996;user996;Helen-elizabeth;Northley;MALE;system
997;user997;Bebe;Moresby;FEMALE;system
998;user998;Debra;Ambroise;FEMALE;system
999;user999;Maitilde;Croot;FEMALE;system
1000;user1000;Kevon;Hedaux;MALE;system
